{"3": {"batteryUsage": 0.9069767441860465, "latency": 1.2119047040237878, "latency_std": 0.1877395020856915, "battery_std": 0.18604651162790697}, "4": {"batteryUsage": 1.0, "latency": 1.1931065828012855, "latency_std": 0.26420705575010445, "battery_std": 0.10136974287303893}, "2": {"batteryUsage": 0.8372093023255814, "latency": 1.2484108760300954, "latency_std": 0.23599882166604086, "battery_std": 0.16607973089634537}, "0": {"batteryUsage": 0.6511627906976745, "latency": 20.992891446221716, "latency_std": 6.370933397765058, "battery_std": 0.20800632348835255}, "1": {"batteryUsage": 0.6116279069767442, "latency": 21.35452176656826, "latency_std": 6.5933566090655455, "battery_std": 0.16607973089634537}, "5": {"batteryUsage": 0.6744186046511628, "latency": 20.682365003543197, "latency_std": 5.265056346056536, "battery_std": 0.1542616181560651}, "6": {"batteryUsage": 0.6976744186046512, "latency": 18.464386199834603, "latency_std": 4.025675871928818, "battery_std": 0.10400316174417627}, "7": {"batteryUsage": 0.8209302325581395, "latency": 1.2523279570041796, "latency_std": 0.18317576216152, "battery_std": 0.0402802513388111}}